,,,,,,,,,,,,,,,,,,,,
"Monthly House Price Indexes for Census Divisions and U.S.
Purchase-Only Index (Only Index available with Monthly Frequency)

NSA=Not Seasonally Adjusted; SA=Seasonally Adjusted",,,,,,,,,,,,,,,,,,,,
,,,,,,,,,,,,,,,,,,,,
Month,"East North Central
(NSA)","East North Central
(SA)","East South Central
(NSA)","East South Central
(SA)","Middle Atlantic
(NSA)","Middle Atlantic
(SA)","Mountain

(NSA)","Mountain

(SA)","New England

(NSA)","New England

(SA)","Pacific

(NSA)","Pacific

(SA)","South Atlantic
(NSA)","South Atlantic
(SA)","West North Central
(NSA)","West North Central
(SA)","West South Central
(NSA)","West South Central
(SA)","USA

(NSA)","USA

(SA)"
,,,,,,,,,,,,,,,,,,,,
1/1/1991,100.00,100.00,100.00,100.00,100.00,100.00,100.00,100.00,100.00,100.00,100.00,100.00,100.00,100.00,100.00,100.00,100.00,100.00,100.00,100.00
2/1/1991,100.99,101.07,100.82,100.31,100.01,100.19,98.41,98.55,101.89,102.54,100.20,100.52,100.54,100.39,100.62,100.52,99.89,99.68,100.40,100.43
3/1/1991,101.36,101.00,101.00,100.55,99.93,99.76,100.15,100.52,101.69,101.45,99.98,100.13,101.02,100.63,100.40,99.97,100.79,100.54,100.71,100.49
4/1/1991,101.75,101.05,100.88,100.54,99.35,99.04,100.42,100.31,101.04,101.00,100.15,100.06,100.98,100.53,100.91,100.29,100.43,100.10,100.71,100.32
5/1/1991,102.39,101.44,101.20,100.74,99.59,99.10,100.72,100.37,99.75,99.79,100.38,100.11,100.84,100.61,100.68,100.08,100.89,100.35,100.87,100.39
6/1/1991,102.82,101.56,102.15,101.54,99.65,98.78,102.13,101.41,99.22,98.71,100.41,99.87,101.34,100.67,101.49,100.43,102.02,100.95,101.37,100.52
7/1/1991,103.02,101.94,101.96,101.53,100.11,99.04,101.47,101.26,99.19,98.76,100.45,99.84,101.04,100.48,101.35,100.30,101.75,100.81,101.32,100.54
8/1/1991,103.18,102.12,101.65,100.72,99.63,98.60,101.91,101.28,98.46,98.01,100.75,99.94,100.80,100.03,101.82,100.63,101.52,100.58,101.26,100.37
9/1/1991,102.87,102.05,101.96,101.13,100.17,99.24,101.87,101.50,100.00,99.12,100.38,99.62,100.76,100.13,101.67,100.75,102.13,101.44,101.37,100.61
10/1/1991,103.09,102.40,101.96,101.58,99.97,98.95,103.18,102.51,99.28,98.76,100.89,100.33,101.69,100.97,101.88,101.35,101.38,100.66,101.60,100.92
11/1/1991,104.00,103.38,102.93,102.29,100.94,100.05,104.12,103.83,98.35,97.44,100.86,100.59,102.19,101.36,101.86,101.36,101.98,101.34,102.10,101.47
12/1/1991,103.75,103.45,103.51,103.25,100.64,100.30,103.58,103.52,99.07,98.70,101.04,100.64,101.92,101.61,102.94,102.49,102.09,101.87,102.15,101.84
1/1/1992,103.93,103.95,103.37,103.38,100.68,100.70,104.31,104.38,99.83,99.85,100.95,100.95,101.93,101.92,102.46,102.47,102.39,102.39,102.25,102.26
2/1/1992,104.40,104.47,104.69,104.19,101.72,101.96,105.06,105.23,99.84,100.52,101.08,101.41,102.83,102.68,102.98,102.89,103.48,103.26,102.94,102.98
3/1/1992,105.57,105.21,104.40,103.94,101.32,101.18,105.60,105.99,99.69,99.48,100.63,100.78,102.72,102.34,103.97,103.50,102.76,102.52,103.02,102.80
4/1/1992,106.01,105.28,103.85,103.50,101.10,100.79,105.81,105.66,98.47,98.46,100.40,100.28,102.29,101.84,104.16,103.51,103.13,102.77,102.93,102.54
5/1/1992,106.62,105.64,104.45,103.98,100.85,100.32,106.66,106.25,97.57,97.58,100.53,100.25,102.33,102.10,104.45,103.78,103.22,102.62,103.12,102.61
6/1/1992,107.01,105.69,104.88,104.21,101.19,100.25,107.66,106.89,97.07,96.49,100.32,99.74,102.54,101.85,105.30,104.17,104.08,103.00,103.47,102.57
7/1/1992,107.18,106.04,105.38,104.88,101.39,100.25,107.46,107.16,97.32,96.78,100.68,100.01,102.87,102.27,105.78,104.64,104.22,103.27,103.72,102.90
8/1/1992,107.61,106.50,106.41,105.42,101.37,100.26,108.71,107.98,98.22,97.72,100.99,100.15,103.90,103.09,106.08,104.82,105.01,104.02,104.33,103.38
9/1/1992,107.64,106.77,106.80,105.95,102.15,101.19,108.79,108.35,98.50,97.64,101.04,100.25,104.26,103.60,106.42,105.41,104.92,104.20,104.57,103.77
10/1/1992,108.26,107.51,107.03,106.60,102.38,101.35,110.10,109.39,98.50,98.00,100.11,99.57,104.45,103.74,106.17,105.58,105.65,104.92,104.76,104.07
11/1/1992,108.53,107.90,107.01,106.35,102.94,102.10,110.38,110.10,99.41,98.54,99.89,99.64,104.38,103.56,106.55,105.98,106.27,105.61,105.00,104.37
12/1/1992,108.82,108.52,107.09,106.80,101.57,101.26,111.44,111.37,97.74,97.44,99.58,99.20,103.63,103.32,106.75,106.27,105.30,105.09,104.59,104.28
1/1/1993,108.56,108.62,107.07,107.06,100.86,100.92,111.89,112.03,96.67,96.67,98.70,98.72,103.44,103.39,107.40,107.45,105.36,105.37,104.32,104.34
2/1/1993,108.38,108.43,106.96,106.53,100.41,100.75,111.93,112.16,94.64,95.32,97.69,98.06,103.37,103.22,107.79,107.72,105.72,105.53,104.03,104.09
3/1/1993,109.31,108.98,108.53,108.04,100.75,100.64,112.11,112.51,95.57,95.44,98.16,98.31,104.14,103.76,107.30,106.80,106.40,106.16,104.65,104.44
4/1/1993,110.34,109.58,108.77,108.35,101.70,101.39,114.10,113.90,96.56,96.55,98.43,98.31,105.02,104.56,108.90,108.23,106.97,106.59,105.52,105.11
5/1/1993,110.93,109.90,109.34,108.82,102.28,101.68,115.27,114.76,96.26,96.14,98.21,97.91,104.80,104.55,109.64,108.87,107.76,107.06,105.86,105.30
6/1/1993,112.00,110.60,109.75,108.96,102.50,101.47,116.32,115.49,97.77,96.93,98.56,97.94,105.83,105.09,110.61,109.40,108.71,107.61,106.67,105.70
7/1/1993,112.29,111.08,110.05,109.45,102.27,101.04,117.24,116.77,97.39,96.64,97.57,96.85,105.67,105.02,111.03,109.79,109.21,108.23,106.65,105.74
8/1/1993,112.69,111.52,111.00,109.95,102.52,101.27,118.55,117.68,97.06,96.40,98.01,97.17,106.08,105.22,111.95,110.60,109.48,108.39,107.12,106.08
9/1/1993,113.21,112.28,111.93,111.05,102.29,101.34,119.78,119.22,96.89,96.03,97.63,96.89,106.35,105.64,112.41,111.29,109.56,108.80,107.33,106.50
10/1/1993,113.34,112.53,111.52,111.01,102.49,101.53,120.67,119.92,95.91,95.41,97.74,97.28,106.39,105.71,112.63,111.98,110.41,109.65,107.49,106.79
11/1/1993,113.58,112.94,112.31,111.68,102.43,101.71,121.18,120.92,97.27,96.48,96.91,96.72,106.66,105.87,113.01,112.39,110.65,109.97,107.66,107.05
12/1/1993,113.85,113.55,112.42,112.12,101.92,101.65,121.76,121.69,97.19,96.94,97.08,96.78,107.04,106.75,113.68,113.19,110.95,110.74,107.86,107.57
1/1/1994,114.14,114.27,112.97,112.97,102.19,102.31,122.16,122.39,96.08,96.07,96.63,96.74,106.74,106.64,113.70,113.87,110.66,110.68,107.78,107.84
2/1/1994,114.47,114.50,114.25,113.90,101.11,101.56,123.64,123.98,96.23,97.03,96.14,96.57,107.08,106.93,113.75,113.73,111.28,111.11,107.94,108.05
3/1/1994,115.26,114.95,114.15,113.65,101.65,101.58,124.52,124.91,97.93,97.98,96.39,96.52,107.60,107.20,115.29,114.75,112.44,112.20,108.67,108.47
4/1/1994,116.50,115.71,115.39,114.89,101.81,101.49,126.15,125.84,96.80,96.81,96.95,96.76,108.32,107.83,115.73,115.03,112.32,111.90,109.24,108.79
5/1/1994,117.30,116.19,115.68,115.11,102.61,101.92,127.94,127.30,97.35,97.14,96.78,96.41,108.31,108.01,116.40,115.49,113.54,112.72,109.79,109.14
6/1/1994,118.02,116.53,116.39,115.45,102.83,101.68,129.07,128.17,98.90,97.82,97.15,96.47,109.08,108.26,117.18,115.88,113.82,112.69,110.42,109.36
7/1/1994,117.99,116.67,116.52,115.81,103.26,101.89,129.23,128.51,98.23,97.29,97.13,96.28,109.30,108.56,117.68,116.32,113.69,112.66,110.51,109.48
8/1/1994,118.42,117.17,117.51,116.41,103.12,101.69,130.37,129.35,97.55,96.76,97.07,96.17,109.88,108.93,118.14,116.70,114.20,113.03,110.84,109.71
9/1/1994,118.62,117.61,117.07,116.20,102.25,101.32,130.40,129.70,97.78,96.97,97.20,96.51,109.88,109.12,117.81,116.59,113.89,113.09,110.71,109.84
10/1/1994,119.04,118.15,117.63,117.09,102.41,101.52,131.43,130.67,97.20,96.73,96.46,96.05,109.87,109.23,117.73,116.98,114.24,113.49,110.77,110.08
11/1/1994,119.31,118.69,118.39,117.78,101.64,101.06,131.27,131.06,97.33,96.73,95.99,95.83,110.54,109.82,118.57,117.90,114.27,113.58,110.89,110.33
12/1/1994,119.01,118.72,117.91,117.61,100.43,100.19,131.89,131.87,97.14,97.03,96.12,95.92,110.25,109.97,117.91,117.46,114.17,113.94,110.58,110.32
1/1/1995,119.37,119.60,117.78,117.76,100.50,100.66,131.66,132.03,96.49,96.51,96.01,96.19,110.53,110.38,117.95,118.24,114.25,114.29,110.64,110.73
2/1/1995,120.20,120.21,119.25,118.99,100.42,100.97,132.96,133.42,96.27,97.09,96.07,96.55,110.93,110.77,118.83,118.85,114.42,114.26,111.09,111.23
3/1/1995,120.64,120.32,119.87,119.36,101.09,101.03,132.95,133.25,97.05,97.27,95.63,95.71,110.95,110.54,119.65,119.09,114.53,114.28,111.34,111.13
4/1/1995,121.90,121.09,119.60,118.99,101.67,101.35,134.29,133.83,97.19,97.20,95.21,94.96,111.00,110.47,120.39,119.67,115.63,115.15,111.81,111.32
5/1/1995,122.17,120.97,120.03,119.40,101.71,100.93,134.69,133.92,98.02,97.70,96.00,95.52,110.98,110.62,121.14,120.06,116.17,115.22,112.20,111.46
6/1/1995,123.38,121.81,121.98,120.90,102.58,101.31,136.35,135.41,98.75,97.43,96.10,95.33,111.78,110.89,122.11,120.73,116.27,115.10,113.01,111.86
7/1/1995,123.84,122.40,122.23,121.42,102.60,101.10,136.96,136.02,99.32,98.21,96.43,95.48,112.71,111.92,122.71,121.22,117.08,115.97,113.53,112.39
8/1/1995,124.42,123.11,122.30,121.17,103.43,101.87,137.73,136.60,99.07,98.13,96.48,95.56,112.88,111.89,123.25,121.74,117.37,116.11,113.88,112.68
9/1/1995,124.62,123.53,122.52,121.66,102.22,101.31,138.14,137.32,98.47,97.67,95.99,95.38,113.08,112.30,123.78,122.47,117.64,116.83,113.79,112.90
10/1/1995,124.94,123.98,123.34,122.75,101.71,100.90,137.81,137.08,98.43,97.92,95.69,95.36,112.80,112.22,123.83,123.00,117.33,116.60,113.68,112.99
11/1/1995,124.86,124.23,123.60,123.03,101.41,100.97,137.84,137.72,98.25,97.81,95.52,95.40,113.24,112.61,123.63,122.89,117.73,117.03,113.72,113.21
12/1/1995,125.28,125.02,123.70,123.41,101.59,101.37,138.60,138.68,98.06,98.04,95.31,95.23,113.04,112.78,124.15,123.77,118.15,117.91,113.86,113.65
1/1/1996,125.05,125.39,123.98,123.94,101.20,101.39,138.42,138.90,100.12,100.25,95.47,95.76,113.78,113.59,123.62,124.01,117.68,117.72,113.96,114.11
2/1/1996,126.19,126.18,123.70,123.48,101.22,101.83,138.80,139.37,98.79,99.67,95.17,95.66,113.48,113.30,124.48,124.52,118.38,118.23,114.12,114.29
3/1/1996,126.98,126.61,124.71,124.19,102.21,102.17,140.09,140.26,98.70,99.08,95.64,95.65,114.60,114.15,125.60,125.01,118.73,118.48,114.91,114.68
4/1/1996,128.48,127.68,125.56,124.87,102.12,101.83,141.53,140.96,99.47,99.43,95.84,95.51,114.87,114.30,126.63,125.89,119.07,118.52,115.52,114.99
5/1/1996,129.21,127.89,126.46,125.75,103.01,102.19,141.77,140.90,100.53,100.12,96.16,95.53,115.11,114.64,127.24,125.99,119.86,118.82,116.12,115.27
6/1/1996,129.68,128.03,126.85,125.64,103.38,101.97,142.43,141.46,101.78,100.27,96.52,95.66,115.52,114.52,127.69,126.20,120.61,119.39,116.63,115.38
7/1/1996,130.31,128.73,127.84,126.93,103.67,102.06,143.30,142.21,101.45,100.18,96.84,95.83,116.07,115.22,128.51,126.87,120.42,119.22,117.05,115.81
8/1/1996,130.05,128.65,127.80,126.70,103.77,102.12,142.86,141.71,101.54,100.45,96.60,95.67,116.29,115.25,128.62,127.01,120.76,119.44,117.05,115.79
9/1/1996,130.28,129.12,127.95,127.14,102.88,101.98,143.35,142.45,101.62,100.74,96.28,95.74,116.43,115.65,128.92,127.55,120.61,119.76,116.99,116.09
10/1/1996,130.10,129.08,128.49,127.95,102.51,101.75,143.43,142.75,101.16,100.58,96.39,96.12,116.23,115.68,128.63,127.74,120.34,119.64,116.85,116.18
11/1/1996,130.97,130.36,128.16,127.58,102.78,102.43,143.15,143.07,100.79,100.45,96.41,96.29,116.07,115.54,128.81,128.03,120.61,119.93,116.99,116.52
12/1/1996,130.77,130.55,128.57,128.27,102.11,101.90,142.77,142.96,101.05,101.09,96.28,96.32,116.27,116.07,129.19,128.90,120.81,120.56,116.96,116.80
1/1/1997,130.19,130.61,128.58,128.45,102.22,102.36,143.39,143.95,101.39,101.58,95.78,96.14,116.72,116.53,128.49,128.92,120.35,120.41,116.83,117.00
2/1/1997,130.82,130.80,129.89,129.67,101.84,102.49,143.73,144.34,100.16,101.02,95.79,96.26,117.10,116.93,129.06,129.11,120.97,120.82,117.09,117.27
3/1/1997,132.09,131.67,129.91,129.41,102.53,102.50,145.05,145.01,100.97,101.44,96.77,96.71,118.16,117.73,130.62,130.00,121.53,121.26,118.05,117.79
4/1/1997,132.36,131.56,130.80,130.06,103.18,102.93,146.01,145.34,102.78,102.70,97.79,97.40,117.88,117.31,130.62,129.85,122.01,121.38,118.57,118.00
5/1/1997,133.81,132.38,130.46,129.67,104.50,103.69,146.56,145.63,102.99,102.50,98.57,97.79,118.12,117.56,132.24,130.85,123.08,121.99,119.41,118.47
6/1/1997,134.30,132.62,131.45,130.15,104.37,102.84,146.84,145.81,104.37,102.76,98.80,97.84,119.11,118.04,131.95,130.33,123.25,122.02,119.85,118.51
7/1/1997,134.56,132.86,131.75,130.78,104.76,103.09,147.35,146.19,104.30,102.97,99.74,98.72,118.61,117.74,133.12,131.35,123.48,122.21,120.17,118.85
8/1/1997,134.85,133.37,132.05,131.01,105.13,103.45,147.71,146.56,104.83,103.62,99.95,99.02,119.56,118.54,133.12,131.41,123.53,122.17,120.55,119.25
9/1/1997,134.77,133.55,131.58,130.77,104.10,103.14,147.61,146.68,104.39,103.39,99.85,99.35,119.33,118.55,133.61,132.18,123.56,122.71,120.32,119.39
10/1/1997,135.12,134.06,131.39,130.84,105.35,104.59,147.92,147.27,105.42,104.69,99.84,99.61,119.67,119.11,133.70,132.76,123.93,123.24,120.71,120.03
11/1/1997,135.00,134.40,132.17,131.58,103.88,103.51,147.45,147.37,105.40,105.06,100.95,100.84,120.16,119.69,133.57,132.74,124.59,123.94,120.87,120.40
12/1/1997,134.89,134.73,132.50,132.19,104.48,104.25,147.98,148.27,105.63,105.68,100.68,100.79,120.41,120.23,133.24,133.04,124.36,124.13,120.94,120.81
1/1/1998,134.79,135.25,132.98,132.76,104.05,104.11,147.43,148.00,104.37,104.64,101.09,101.52,120.38,120.16,134.66,135.09,125.13,125.24,121.06,121.23
2/1/1998,136.05,136.06,132.97,132.73,104.20,104.87,148.83,149.43,106.74,107.70,102.30,102.76,121.24,121.06,135.10,135.17,125.67,125.54,121.94,122.12
3/1/1998,136.82,136.35,134.16,133.68,105.78,105.81,149.68,149.46,106.87,107.44,103.42,103.27,121.78,121.34,135.88,135.28,126.25,125.97,122.82,122.54
4/1/1998,137.58,136.77,134.92,134.15,106.32,106.11,151.52,150.84,108.39,108.30,105.00,104.53,122.45,121.83,136.24,135.45,126.90,126.15,123.73,123.13
5/1/1998,138.68,137.16,135.80,134.92,106.99,106.25,151.91,150.92,109.51,108.96,106.14,105.18,122.89,122.20,137.71,136.19,127.98,126.84,124.64,123.61
6/1/1998,139.63,137.90,136.80,135.45,108.79,107.09,152.46,151.34,111.54,109.79,107.18,106.08,124.02,122.85,139.41,137.63,128.87,127.60,125.85,124.41
7/1/1998,140.00,138.17,136.51,135.47,108.71,106.98,153.06,151.92,111.82,110.32,107.52,106.47,124.03,123.06,139.59,137.68,129.79,128.38,126.10,124.69
8/1/1998,140.32,138.74,136.56,135.56,109.40,107.66,153.88,152.75,112.58,111.18,108.20,107.24,124.42,123.36,140.13,138.29,130.21,128.80,126.61,125.25
9/1/1998,140.85,139.54,137.80,136.93,109.48,108.38,154.10,153.17,113.34,112.15,108.36,107.81,125.17,124.34,140.81,139.31,130.31,129.40,127.06,126.06
10/1/1998,141.43,140.31,137.60,137.00,109.31,108.49,154.77,154.14,112.99,112.07,109.07,108.83,125.19,124.56,141.18,140.16,130.64,129.90,127.32,126.58
11/1/1998,141.72,141.15,138.68,138.06,109.49,109.03,154.52,154.37,114.57,114.16,109.61,109.50,125.69,125.25,142.82,141.95,130.96,130.33,127.88,127.40
12/1/1998,141.63,141.54,138.60,138.27,110.14,109.89,154.89,155.25,114.65,114.69,109.42,109.56,125.87,125.67,142.78,142.67,131.93,131.69,128.08,127.97
1/1/1999,141.66,142.11,139.11,138.73,110.56,110.49,154.94,155.53,114.63,115.06,110.74,111.22,126.70,126.47,143.09,143.47,131.77,131.96,128.55,128.71
2/1/1999,142.84,142.87,139.74,139.53,110.16,110.88,155.95,156.49,115.33,116.39,111.21,111.64,127.23,127.03,143.20,143.35,132.35,132.24,129.07,129.26
3/1/1999,143.78,143.27,140.63,140.16,110.63,110.74,158.31,157.96,116.24,116.86,112.81,112.58,127.94,127.50,144.81,144.21,132.97,132.61,130.10,129.80
4/1/1999,144.63,143.78,140.89,140.12,111.77,111.62,158.58,157.86,118.03,117.94,113.81,113.31,128.81,128.13,145.94,145.07,134.45,133.54,131.10,130.46
5/1/1999,146.31,144.70,141.67,140.75,113.12,112.44,159.76,158.70,119.75,119.14,115.09,114.01,129.82,129.01,147.31,145.63,135.19,133.99,132.34,131.23
6/1/1999,146.98,145.13,142.27,140.87,115.40,113.55,160.67,159.41,121.84,119.92,116.00,114.77,130.47,129.21,148.58,146.56,135.98,134.63,133.41,131.84
7/1/1999,147.84,145.87,142.50,141.41,116.19,114.36,161.40,160.27,122.90,121.09,116.36,115.29,130.98,129.89,149.05,146.95,137.03,135.51,134.07,132.56
8/1/1999,148.54,146.83,142.93,141.91,116.69,114.89,162.32,161.14,123.88,122.27,117.25,116.25,131.70,130.65,150.44,148.45,137.54,136.07,134.82,133.40
9/1/1999,148.45,147.03,143.35,142.43,116.35,115.06,163.40,162.47,124.81,123.39,117.67,117.04,131.74,130.83,149.59,147.99,137.20,136.23,134.87,133.76
10/1/1999,148.97,147.79,142.96,142.24,117.32,116.40,163.02,162.36,125.00,123.88,118.44,118.14,132.75,132.03,149.72,148.61,138.03,137.21,135.47,134.63
11/1/1999,148.66,148.07,143.88,143.25,117.24,116.63,163.56,163.34,125.01,124.51,118.84,118.77,132.76,132.34,150.34,149.41,138.40,137.78,135.65,135.14
12/1/1999,148.85,148.84,144.08,143.77,117.21,116.96,163.62,163.97,126.35,126.39,119.38,119.54,132.93,132.70,150.25,150.15,138.64,138.42,135.91,135.80
1/1/2000,150.02,150.47,144.78,144.29,119.04,118.87,164.45,165.04,127.25,127.88,121.99,122.51,134.04,133.81,150.98,151.30,139.37,139.64,137.24,137.39
2/1/2000,149.61,149.68,144.84,144.67,117.75,118.46,165.01,165.48,126.63,127.89,121.01,121.43,134.45,134.23,152.15,152.44,139.57,139.50,137.04,137.24
3/1/2000,151.58,151.06,144.99,144.53,119.40,119.60,166.77,166.35,129.10,129.79,123.32,123.07,135.21,134.78,153.51,152.88,141.15,140.73,138.61,138.29
4/1/2000,152.65,151.75,146.34,145.65,120.61,120.56,167.57,166.85,131.29,131.18,124.34,123.84,136.67,135.92,155.19,154.26,142.49,141.41,139.90,139.22
5/1/2000,153.85,152.14,146.56,145.65,121.64,120.99,168.58,167.46,133.62,132.92,126.16,124.99,137.48,136.55,156.50,154.70,143.18,141.91,141.04,139.85
6/1/2000,155.19,153.22,147.48,146.00,123.89,121.91,170.29,168.88,136.75,134.65,127.33,125.97,138.78,137.44,157.43,155.20,144.02,142.60,142.47,140.78
7/1/2000,156.05,153.93,147.84,146.68,124.59,122.67,170.51,169.34,137.61,135.44,128.18,127.05,139.41,138.15,158.37,156.07,144.83,143.23,143.19,141.55
8/1/2000,156.17,154.30,147.33,146.20,125.14,123.25,171.05,169.79,138.15,136.33,129.37,128.27,139.60,138.49,158.92,156.77,145.21,143.67,143.62,142.08
9/1/2000,156.36,154.81,147.39,146.43,126.25,124.72,171.07,170.11,139.73,138.02,130.32,129.54,140.53,139.47,159.33,157.58,145.39,144.32,144.25,142.99
10/1/2000,156.45,155.18,147.66,146.77,126.29,125.25,172.03,171.33,141.11,139.78,131.36,130.98,140.92,140.07,159.75,158.53,145.76,144.85,144.72,143.77
11/1/2000,156.32,155.73,148.08,147.44,127.19,126.43,172.90,172.66,140.69,140.11,132.64,132.59,141.13,140.69,159.56,158.58,146.37,145.78,145.17,144.62
12/1/2000,156.64,156.69,147.14,146.84,127.59,127.34,172.88,173.20,142.10,142.22,133.57,133.74,142.28,142.04,159.49,159.38,145.93,145.68,145.58,145.48
1/1/2001,156.81,157.28,148.31,147.72,128.15,127.92,174.41,175.03,142.82,143.64,134.41,135.01,143.08,142.89,160.67,160.98,146.03,146.41,146.26,146.44
2/1/2001,157.82,157.96,148.72,148.66,128.63,129.31,175.64,176.19,144.10,145.60,136.14,136.58,143.48,143.26,160.99,161.41,147.72,147.73,147.21,147.45
3/1/2001,158.95,158.48,149.08,148.64,129.76,130.03,176.82,176.45,146.08,146.76,137.96,137.73,145.23,144.83,162.83,162.19,148.15,147.63,148.53,148.23
4/1/2001,160.19,159.23,149.60,148.99,130.73,130.76,177.59,176.83,148.11,147.93,139.14,138.69,146.35,145.58,164.90,163.94,149.80,148.58,149.78,149.08
5/1/2001,161.58,159.77,150.77,149.87,132.44,131.77,179.33,178.23,150.83,149.99,140.77,139.53,147.11,146.05,166.18,164.28,149.84,148.52,151.03,149.77
6/1/2001,162.41,160.30,151.23,149.64,135.15,133.07,180.37,178.85,153.34,150.99,141.68,140.15,148.25,146.84,167.40,164.99,150.71,149.15,152.28,150.46
7/1/2001,163.04,160.78,151.17,149.91,136.03,133.97,180.28,178.99,155.17,152.55,142.48,141.15,149.57,148.15,168.47,165.96,151.60,149.99,153.13,151.33
8/1/2001,163.33,161.30,151.71,150.41,137.52,135.50,181.07,179.72,156.78,154.73,143.38,142.11,150.12,148.93,168.53,166.26,151.24,149.62,153.73,152.06
9/1/2001,163.68,162.01,151.96,150.94,138.16,136.38,180.57,179.52,157.37,155.29,144.47,143.49,150.52,149.29,169.20,167.31,151.88,150.74,154.25,152.83
10/1/2001,164.39,163.04,153.05,151.97,138.44,137.28,181.28,180.53,158.08,156.51,144.72,144.24,151.54,150.56,169.74,168.42,152.09,151.10,154.85,153.78
11/1/2001,163.81,163.18,152.34,151.73,139.60,138.67,182.15,181.91,157.90,157.29,145.01,144.95,151.45,150.97,169.23,168.21,151.61,151.05,154.83,154.24
12/1/2001,163.71,163.77,152.33,152.02,139.41,139.13,182.06,182.35,159.40,159.67,146.48,146.65,152.52,152.27,169.81,169.71,151.99,151.70,155.36,155.25
1/1/2002,164.08,164.63,153.38,152.79,140.74,140.50,182.49,183.12,160.09,161.10,147.34,148.11,153.29,153.17,169.87,170.26,151.18,151.65,155.90,156.15
2/1/2002,164.78,165.03,152.23,152.23,141.16,141.75,183.65,184.31,161.45,163.20,148.87,149.36,154.77,154.57,170.02,170.52,152.45,152.55,156.79,157.08
3/1/2002,166.19,165.78,154.18,153.79,142.88,143.22,184.96,184.65,162.78,163.39,151.22,151.10,155.41,155.00,172.33,171.67,154.02,153.41,158.35,158.05
4/1/2002,167.11,166.09,153.98,153.36,144.50,144.57,186.25,185.45,166.67,166.35,152.95,152.56,156.86,156.08,173.48,172.48,154.77,153.50,159.66,158.91
5/1/2002,168.59,166.66,154.74,153.83,147.06,146.30,187.09,185.96,168.85,167.76,156.09,154.78,158.35,157.17,175.12,173.09,155.50,154.10,161.38,160.00
6/1/2002,169.78,167.50,155.79,154.07,149.35,147.17,188.06,186.39,172.86,170.27,158.43,156.75,159.61,158.06,176.76,174.21,156.11,154.43,162.95,160.99
7/1/2002,170.32,167.91,155.80,154.40,151.04,148.78,188.82,187.35,176.08,173.07,160.54,158.90,160.68,159.10,177.38,174.62,156.36,154.74,164.02,162.03
8/1/2002,170.70,168.49,157.27,155.74,152.65,150.42,190.46,188.94,176.29,174.00,162.16,160.63,161.24,159.87,178.04,175.65,156.64,154.96,164.91,163.06
9/1/2002,171.09,169.29,156.50,155.45,153.66,151.65,190.17,188.99,178.02,175.54,163.23,161.94,163.02,161.63,178.49,176.42,156.88,155.68,165.67,164.07
10/1/2002,171.14,169.68,157.77,156.58,154.45,153.14,191.60,190.74,179.16,177.36,164.91,164.34,163.58,162.48,178.62,177.18,157.28,156.24,166.40,165.21
11/1/2002,171.63,170.99,157.65,157.06,155.00,153.92,191.60,191.39,179.79,179.21,165.58,165.46,164.06,163.50,179.03,177.96,157.19,156.66,166.77,166.15
12/1/2002,171.10,171.20,157.71,157.42,156.63,156.34,192.57,192.88,179.95,180.39,166.93,167.14,165.15,164.91,179.62,179.54,157.77,157.43,167.46,167.36
1/1/2003,171.69,172.39,158.28,157.75,157.55,157.27,192.72,193.47,180.99,182.31,168.39,169.50,165.48,165.48,179.97,180.48,157.50,158.04,168.03,168.41
2/1/2003,172.22,172.61,159.31,159.45,158.69,159.23,193.42,194.25,181.16,183.11,170.69,171.22,167.12,166.98,180.40,180.90,158.10,158.28,169.12,169.47
3/1/2003,173.29,173.00,159.28,158.95,159.33,159.69,195.25,195.05,183.61,184.02,172.47,172.52,168.07,167.61,182.48,181.79,158.92,158.21,170.29,170.00
4/1/2003,174.75,173.65,160.35,159.70,161.17,161.22,197.06,196.19,187.01,186.45,175.07,174.69,169.49,168.67,182.95,181.92,159.73,158.48,171.86,171.07
5/1/2003,176.54,174.40,161.06,160.10,163.60,162.72,198.06,196.83,188.14,186.75,177.62,176.12,171.24,169.90,184.69,182.54,160.62,159.10,173.55,172.01
6/1/2003,177.26,174.78,162.55,160.70,165.78,163.46,199.59,197.72,191.45,188.59,179.22,177.26,172.89,171.16,186.29,183.56,160.93,159.09,174.98,172.82
7/1/2003,178.17,175.57,162.83,161.29,167.35,164.88,201.18,199.48,192.53,189.26,181.84,179.80,174.46,172.74,187.49,184.45,161.43,159.77,176.29,174.10
8/1/2003,178.78,176.36,163.69,162.02,169.49,167.02,201.99,200.22,194.13,191.72,184.56,182.69,174.95,173.33,188.13,185.57,162.22,160.45,177.44,175.37
9/1/2003,178.88,176.95,164.16,163.09,171.08,168.92,203.69,202.35,197.42,194.69,186.82,185.15,176.23,174.66,188.88,186.64,162.59,161.33,178.58,176.81
10/1/2003,179.37,177.81,164.23,163.08,171.12,169.63,204.26,203.25,197.90,196.07,189.30,188.67,177.16,175.99,188.63,187.06,162.05,160.96,179.14,177.86
11/1/2003,179.22,178.59,163.50,162.88,172.28,171.12,204.73,204.56,198.95,198.44,191.69,191.51,178.38,177.69,189.76,188.64,162.07,161.55,179.91,179.23
12/1/2003,179.45,179.61,164.34,164.04,173.76,173.48,206.28,206.67,200.14,200.83,194.17,194.52,179.14,178.91,188.73,188.71,162.87,162.53,180.82,180.76
1/1/2004,178.34,179.22,165.12,164.80,174.55,174.27,208.21,209.19,200.01,201.58,196.13,197.71,180.74,180.93,189.64,190.35,161.96,162.48,181.40,181.95
2/1/2004,180.15,180.73,166.07,166.27,176.48,176.97,208.86,209.93,200.82,202.90,198.71,199.27,181.96,181.90,190.54,190.98,163.11,163.39,182.88,183.29
3/1/2004,181.29,181.12,165.98,165.68,176.76,177.12,211.67,211.55,203.73,203.81,203.20,203.49,184.38,183.82,192.41,191.69,165.22,164.48,184.87,184.58
4/1/2004,182.89,181.69,167.27,166.45,179.89,179.90,216.22,215.20,207.33,206.41,206.61,206.14,186.60,185.63,192.95,191.85,166.08,164.89,187.05,186.14
5/1/2004,184.82,182.41,168.33,167.19,182.80,181.71,217.81,216.32,210.12,208.19,213.10,211.27,189.55,187.98,195.89,193.59,166.89,165.20,189.74,187.94
6/1/2004,185.95,183.17,170.77,168.78,186.29,183.74,222.21,219.94,214.15,210.97,218.46,216.03,191.68,189.68,197.26,194.28,168.05,166.05,192.30,189.85
7/1/2004,186.72,183.91,171.37,169.64,187.89,185.20,224.26,222.15,216.57,213.10,222.67,219.96,194.03,192.18,198.17,194.81,167.82,166.06,193.90,191.44
8/1/2004,187.20,184.51,171.89,170.10,189.10,186.29,225.69,223.53,217.22,214.55,225.12,222.75,196.20,194.22,198.65,195.88,168.71,166.79,195.15,192.76
9/1/2004,186.80,184.74,171.75,170.57,189.87,187.61,229.16,227.58,219.67,216.78,228.33,226.08,197.99,196.18,198.96,196.49,169.02,167.68,196.26,194.27
10/1/2004,187.31,185.67,171.99,170.93,192.28,190.59,229.45,228.28,219.91,218.11,229.73,229.03,199.48,198.25,199.15,197.44,168.92,167.75,197.12,195.73
11/1/2004,187.08,186.51,172.05,171.32,193.51,192.30,231.44,231.34,218.75,218.27,233.75,233.53,200.79,199.98,200.00,198.91,169.84,169.33,198.21,197.50
12/1/2004,186.58,186.88,173.97,173.69,194.60,194.33,232.99,233.63,220.06,220.89,237.18,237.81,202.62,202.46,198.93,199.03,169.73,169.42,199.19,199.23
1/1/2005,186.67,187.82,173.70,173.65,195.94,195.66,234.83,236.27,220.65,222.40,237.75,239.92,204.61,205.09,198.61,199.59,169.86,170.41,199.90,200.70
2/1/2005,186.38,187.14,175.05,175.30,195.40,195.83,239.98,241.22,223.21,225.39,243.09,243.64,206.85,206.93,200.29,200.67,170.76,171.14,201.62,202.11
3/1/2005,188.75,188.68,176.63,176.43,197.90,198.17,243.82,243.76,225.92,225.53,247.99,248.63,210.90,210.19,202.10,201.41,172.58,171.88,204.54,204.26
4/1/2005,190.71,189.43,177.91,176.88,200.25,200.17,249.46,248.31,228.38,227.12,252.88,252.28,213.29,211.98,204.41,203.14,173.73,172.60,207.07,205.99
5/1/2005,192.16,189.47,178.92,177.51,201.95,200.51,253.96,252.00,231.72,229.33,259.02,256.79,216.90,214.93,205.96,203.47,175.46,173.62,209.77,207.63
6/1/2005,193.11,189.99,180.55,178.36,205.97,203.14,257.91,255.04,232.45,228.95,262.99,259.90,220.98,218.50,207.54,204.25,176.89,174.65,212.34,209.48
7/1/2005,193.54,190.48,181.80,179.83,209.76,206.83,260.95,258.35,234.23,230.72,267.52,263.99,222.94,220.84,208.47,204.81,177.85,175.89,214.28,211.48
8/1/2005,193.65,190.66,182.68,180.80,210.87,207.69,265.20,262.57,234.03,231.22,271.42,268.49,226.09,223.64,208.50,205.47,178.22,176.06,215.80,213.05
9/1/2005,194.26,192.11,183.12,181.79,212.08,209.79,268.39,266.49,236.05,233.29,275.55,272.70,227.70,225.60,208.91,206.28,178.91,177.49,217.25,215.06
10/1/2005,194.12,192.46,184.09,183.13,212.18,210.31,270.96,269.63,234.61,232.95,274.47,273.64,228.77,227.40,209.24,207.29,180.60,179.34,217.75,216.25
11/1/2005,193.09,192.63,185.96,185.05,213.28,212.08,272.13,272.23,234.39,234.02,274.99,274.83,231.03,230.14,209.00,208.00,180.72,180.17,218.35,217.64
12/1/2005,192.18,192.72,186.67,186.41,213.05,212.76,273.80,274.87,230.71,231.63,277.38,278.44,232.16,232.09,208.97,209.18,181.56,181.35,218.73,218.91
1/1/2006,191.88,193.30,188.11,188.42,214.58,214.38,275.14,277.15,231.50,233.34,276.53,279.25,233.65,234.48,208.88,210.17,182.14,182.75,219.32,220.38
2/1/2006,192.25,193.20,188.19,188.45,213.45,213.85,278.27,279.51,231.80,233.92,280.91,281.38,233.93,234.16,209.90,210.28,183.48,183.98,220.28,220.83
3/1/2006,193.01,193.00,190.04,189.99,215.45,215.58,281.44,281.54,234.17,233.35,280.49,281.43,236.91,236.05,211.32,210.78,184.98,184.36,221.93,221.65
4/1/2006,195.28,194.02,191.80,190.56,216.38,216.16,282.83,281.47,234.17,232.64,282.25,281.56,238.47,236.77,212.42,210.88,185.53,184.38,223.35,222.08
5/1/2006,196.73,193.71,193.60,191.84,218.16,216.32,286.58,283.97,235.29,232.68,284.13,281.78,239.42,237.06,214.06,211.32,188.38,186.37,225.16,222.69
6/1/2006,196.58,193.12,194.54,191.99,219.73,216.77,288.11,284.55,235.68,232.13,284.49,281.06,240.24,237.28,215.19,211.50,189.23,186.64,225.90,222.66
7/1/2006,196.68,193.43,194.88,192.67,218.07,215.05,287.77,284.63,234.46,231.22,283.20,279.23,239.99,237.62,216.02,212.15,189.78,187.47,225.65,222.58
8/1/2006,196.22,193.03,195.46,193.48,220.14,216.72,288.69,285.65,233.15,230.44,282.50,279.41,241.42,238.77,215.83,212.56,191.05,188.55,226.17,223.19
9/1/2006,195.21,192.97,195.60,194.05,218.43,216.28,287.87,285.81,231.43,229.10,281.00,278.01,241.29,238.98,214.88,212.17,191.07,189.55,225.41,223.12
10/1/2006,194.18,192.55,195.64,194.63,218.85,216.89,290.29,288.87,230.22,228.76,276.97,275.98,241.77,240.35,214.24,211.98,191.80,190.36,225.02,223.43
11/1/2006,192.33,191.88,196.63,195.51,218.12,216.99,290.17,290.47,229.44,229.10,277.00,276.94,242.14,241.24,214.25,213.36,192.22,191.62,224.74,224.04
12/1/2006,192.09,192.86,197.25,197.08,216.48,216.15,289.54,291.04,227.60,228.33,275.15,276.44,241.52,241.59,211.44,211.72,192.13,192.07,223.87,224.20
1/1/2007,192.26,193.89,196.21,196.85,217.11,217.02,288.94,291.25,227.19,228.93,274.84,277.75,239.74,240.83,211.97,213.56,193.02,193.78,223.65,224.93
2/1/2007,191.67,192.83,198.04,198.45,216.69,217.03,289.06,290.01,225.87,227.80,274.16,274.50,242.69,243.17,214.66,215.19,193.85,194.54,224.39,225.03
3/1/2007,192.69,192.82,199.29,199.54,218.70,218.67,292.70,293.20,230.18,229.14,278.63,279.72,243.02,242.22,215.35,215.13,195.50,195.04,226.17,226.02
4/1/2007,193.47,192.32,201.43,200.18,221.24,221.05,294.07,292.70,230.43,228.92,278.05,277.45,244.68,242.65,216.37,214.59,196.45,195.20,227.31,225.99
5/1/2007,194.72,191.43,201.72,199.64,220.94,218.75,293.95,290.80,231.86,229.26,275.82,273.63,244.10,241.50,217.42,214.43,198.02,195.89,227.56,224.87
6/1/2007,194.80,191.13,202.91,200.05,221.97,218.97,295.01,291.18,230.59,226.98,273.78,270.30,243.46,240.19,217.76,213.68,198.75,195.81,227.57,224.09
7/1/2007,192.93,189.57,202.22,199.83,221.41,218.33,293.96,290.58,229.42,226.34,271.53,267.54,240.50,237.94,218.05,214.12,199.24,196.56,226.26,223.04
8/1/2007,192.34,189.00,201.44,199.28,220.72,217.26,291.80,288.54,229.53,226.85,264.75,261.75,240.30,237.69,216.39,212.84,200.07,197.28,225.04,221.95
9/1/2007,190.06,187.80,201.89,200.15,218.96,217.08,288.03,285.98,226.45,224.47,261.30,258.46,238.93,236.62,216.94,214.28,198.94,197.41,223.31,221.07
10/1/2007,188.13,186.51,200.37,199.27,219.10,217.02,283.73,282.22,225.73,224.26,255.18,254.04,236.45,235.09,212.39,209.93,198.74,197.23,220.96,219.32
11/1/2007,186.32,185.71,200.34,199.00,217.41,216.37,280.74,281.18,223.33,222.80,248.73,248.70,232.92,232.04,212.23,211.46,197.68,197.08,218.56,217.86
12/1/2007,183.54,184.47,199.58,199.58,216.91,216.59,275.20,276.82,222.49,222.99,242.64,243.93,230.82,230.96,210.91,211.19,197.81,198.03,216.32,216.76
1/1/2008,181.36,183.09,195.92,196.84,215.24,215.41,272.27,274.40,219.85,221.34,237.22,239.81,227.57,228.89,207.93,209.77,196.10,197.02,213.41,214.80
2/1/2008,181.55,182.91,197.91,198.58,214.91,215.26,274.44,275.31,220.95,222.86,232.81,233.18,225.02,225.76,207.90,208.65,196.48,197.35,212.76,213.55
3/1/2008,181.73,182.15,197.37,198.10,214.39,214.43,270.86,271.82,219.84,218.99,225.19,226.05,225.20,224.68,208.95,209.19,196.46,196.13,211.60,211.69
4/1/2008,181.32,180.41,198.69,197.65,212.87,212.64,268.03,266.83,218.86,217.48,221.77,221.26,222.81,220.86,209.82,207.99,197.53,196.12,210.58,209.35
5/1/2008,181.87,178.57,199.49,197.30,214.95,212.63,267.68,264.52,217.60,215.11,217.84,216.08,218.70,216.16,209.06,206.07,198.13,195.93,209.62,206.99
6/1/2008,181.88,178.19,199.11,196.13,213.57,210.61,264.10,260.47,218.02,214.42,215.72,212.83,217.75,214.48,210.03,205.70,200.19,196.95,209.15,205.71
7/1/2008,180.32,176.95,197.48,194.88,213.16,210.02,259.85,256.43,216.07,213.15,211.72,208.35,214.67,212.08,208.93,205.04,199.41,196.47,207.04,203.86
8/1/2008,179.31,176.00,196.17,193.83,212.13,208.76,255.69,252.65,214.18,211.57,206.70,204.30,211.23,208.82,208.27,204.66,197.66,194.79,204.71,201.76
9/1/2008,175.49,173.25,194.97,193.12,211.46,209.71,251.95,250.05,211.98,210.26,202.95,200.64,207.26,205.08,205.48,202.90,198.53,197.06,202.12,200.00
10/1/2008,174.60,173.06,193.63,192.44,208.40,206.22,244.74,243.31,212.40,210.78,198.91,197.73,205.29,204.04,205.40,202.82,196.16,194.71,199.89,198.29
11/1/2008,170.79,169.89,192.04,190.76,206.76,205.76,238.74,239.11,208.28,207.42,193.37,193.21,198.99,198.17,199.87,199.07,192.65,191.99,195.50,194.73
12/1/2008,169.23,170.18,190.21,190.40,203.56,203.24,238.49,239.94,207.26,207.36,191.09,192.23,195.31,195.42,200.86,201.08,192.98,193.37,193.77,194.22
1/1/2009,171.68,173.61,190.30,191.39,203.40,203.74,238.85,240.60,208.62,209.75,187.52,189.64,199.19,200.48,200.84,202.80,192.68,193.81,194.54,195.96
2/1/2009,171.12,172.77,190.28,191.21,204.61,205.02,238.38,239.23,212.15,214.05,189.12,189.67,199.77,200.74,203.33,204.30,194.39,195.39,195.41,196.38
3/1/2009,170.26,171.04,189.84,190.82,204.33,204.54,230.63,231.74,209.87,209.43,186.72,187.49,196.99,196.72,200.16,200.81,194.85,194.54,193.56,193.86
4/1/2009,170.21,169.53,191.05,190.17,203.52,203.25,232.33,231.32,211.14,210.10,185.87,185.50,197.11,195.28,203.10,201.34,195.16,193.55,193.87,192.76
5/1/2009,173.84,170.50,191.75,189.27,204.70,202.32,232.26,229.21,208.47,206.00,186.40,184.84,197.58,195.08,204.15,201.12,196.70,194.41,195.06,192.44
6/1/2009,173.01,169.25,194.86,191.63,203.81,200.70,230.22,226.64,209.87,206.05,188.55,185.89,197.86,194.51,205.68,201.02,199.70,196.18,195.81,192.29
7/1/2009,171.79,168.28,192.41,189.35,204.57,201.27,230.14,226.55,209.25,206.23,188.89,185.70,197.81,195.05,204.49,200.37,197.21,194.06,195.10,191.78
8/1/2009,171.00,167.58,192.40,189.64,205.21,201.89,228.51,225.51,207.27,204.49,189.49,187.31,194.99,192.48,204.05,200.22,197.09,194.24,194.32,191.34
9/1/2009,170.63,168.31,189.16,187.11,202.39,200.64,225.49,223.54,206.83,205.07,188.61,186.47,196.22,194.02,202.60,199.98,195.45,193.99,193.34,191.21
10/1/2009,168.84,167.27,192.43,190.99,203.97,201.69,225.63,224.08,207.59,205.87,189.08,187.79,193.48,192.15,203.26,200.60,197.60,196.30,193.27,191.61
11/1/2009,169.75,168.55,190.84,189.60,202.30,201.22,225.68,225.91,205.85,204.65,190.31,190.07,194.02,193.10,202.08,201.18,195.47,194.74,193.04,192.14
12/1/2009,165.55,166.59,187.22,187.46,202.14,201.82,219.71,220.99,205.35,205.27,186.56,187.73,189.16,189.24,198.95,199.10,194.63,195.28,189.74,190.21
1/1/2010,164.07,166.22,186.43,187.66,201.56,202.07,220.81,222.17,202.75,203.80,184.11,186.26,190.46,191.81,195.54,197.56,194.07,195.51,188.89,190.41
2/1/2010,163.72,165.67,185.21,186.47,202.78,203.45,219.44,220.44,200.72,202.76,186.85,187.86,187.16,188.33,197.23,198.50,193.33,194.44,188.47,189.69
3/1/2010,164.53,165.64,184.33,185.43,201.04,201.56,218.33,219.56,203.70,203.78,186.95,187.71,189.04,188.89,197.90,198.83,194.53,194.11,189.03,189.49
4/1/2010,166.44,165.87,187.04,186.30,199.67,199.24,221.36,220.33,202.57,201.95,187.87,187.48,191.41,189.64,201.36,199.74,197.05,195.29,190.77,189.66
5/1/2010,169.28,165.90,189.29,186.62,202.61,200.17,221.09,217.95,205.89,203.24,190.28,188.52,190.33,187.75,203.67,200.65,199.41,197.01,192.47,189.73
6/1/2010,168.02,164.07,187.10,183.69,203.92,200.46,217.92,213.97,206.42,202.36,187.00,184.28,190.74,187.15,203.69,198.67,198.07,194.39,191.49,187.73
7/1/2010,167.03,163.20,187.31,183.99,202.91,199.22,216.82,212.80,205.13,201.75,186.79,183.46,187.70,184.74,199.26,194.86,197.69,194.37,190.08,186.49
8/1/2010,167.49,163.88,187.14,184.21,201.42,198.05,215.58,212.54,206.07,202.95,184.39,182.26,186.95,184.28,200.39,196.43,197.13,194.49,189.50,186.42
9/1/2010,164.20,161.68,185.30,183.13,199.44,197.57,210.93,208.94,202.95,201.02,183.48,181.41,183.90,181.74,197.56,194.85,193.45,192.09,186.73,184.53
10/1/2010,165.49,163.91,183.79,182.26,201.45,199.14,211.40,209.92,203.58,201.84,180.50,179.21,183.39,182.05,196.83,194.22,192.77,191.76,186.46,184.82
11/1/2010,164.23,162.86,184.17,183.21,199.39,198.18,206.56,206.71,202.08,200.59,179.43,179.16,182.47,181.58,194.66,193.63,192.50,191.83,185.14,184.19
12/1/2010,159.77,160.82,178.46,178.73,196.88,196.66,204.39,205.69,199.71,199.52,177.00,178.21,180.82,180.85,192.91,193.06,189.81,190.55,182.28,182.76
1/1/2011,158.06,160.42,179.72,181.10,195.01,195.64,205.11,206.29,200.31,201.31,173.29,175.47,177.24,178.53,189.25,191.25,189.82,191.36,180.42,181.97
2/1/2011,156.92,159.18,178.16,179.63,193.97,195.00,198.92,200.04,194.95,197.24,173.28,174.58,175.00,176.38,188.00,189.45,189.31,190.40,178.76,180.18
3/1/2011,154.67,155.98,176.65,177.50,192.55,193.36,198.48,199.69,193.87,194.40,172.15,172.78,174.67,174.56,188.45,189.40,189.95,189.30,177.89,178.37
4/1/2011,157.06,156.48,179.04,178.17,195.70,195.20,198.37,197.42,198.83,198.69,172.44,171.93,176.06,174.40,190.05,188.63,192.49,190.60,179.75,178.65
5/1/2011,160.24,156.97,180.89,177.90,195.00,192.52,200.61,197.60,199.01,196.09,172.51,170.61,177.21,174.63,192.00,189.11,192.68,190.18,180.99,178.22
6/1/2011,162.08,158.04,181.79,178.12,197.24,193.41,202.00,197.86,201.13,196.83,172.79,170.09,178.66,175.04,195.19,190.06,196.14,192.37,182.77,178.90
7/1/2011,163.64,159.53,184.51,180.92,197.56,193.68,203.10,199.04,199.34,195.57,174.06,170.79,177.88,174.77,196.56,191.80,193.78,190.31,183.15,179.37
8/1/2011,161.34,157.62,182.93,179.80,196.45,193.03,201.55,198.53,198.85,195.41,171.80,169.69,178.69,175.88,194.20,190.09,192.58,190.12,181.89,178.75
9/1/2011,160.96,158.34,180.86,178.58,194.95,193.02,202.94,200.96,198.58,196.52,172.42,170.49,180.43,178.35,194.59,191.75,192.69,191.32,182.10,179.89
10/1/2011,158.45,156.94,179.46,177.90,193.59,191.42,200.23,198.87,197.35,195.86,171.45,170.26,177.61,176.29,194.36,191.86,192.15,191.37,180.38,178.82
11/1/2011,160.59,159.25,179.66,178.89,191.34,190.06,200.02,200.07,197.28,195.75,170.87,170.60,177.29,176.47,194.24,193.03,194.09,193.45,180.63,179.68
12/1/2011,157.47,158.58,182.24,182.54,190.65,190.52,201.88,203.19,196.49,196.56,169.15,170.32,178.21,178.24,189.19,189.34,193.30,194.06,179.72,180.21
1/1/2012,155.26,157.82,177.60,179.12,191.45,192.28,199.78,200.83,193.43,194.51,168.99,171.13,175.73,177.13,192.04,194.04,190.24,191.80,178.14,179.76
2/1/2012,155.45,157.93,178.67,180.30,188.83,190.20,201.99,203.24,192.46,195.07,169.61,171.13,175.90,177.44,190.53,192.21,192.82,193.83,178.41,180.01
3/1/2012,157.20,158.58,182.12,182.52,191.60,192.75,206.21,207.35,194.00,194.85,172.46,172.90,178.68,178.55,192.75,193.65,196.37,195.46,181.15,181.58
4/1/2012,160.36,159.57,182.88,181.64,192.27,191.69,210.27,209.24,194.40,194.48,175.45,174.64,182.70,180.99,194.15,192.79,198.26,196.27,183.72,182.48
5/1/2012,164.28,160.92,186.79,183.49,194.86,192.30,215.60,212.33,198.37,195.00,178.75,176.50,183.94,181.13,198.81,195.86,199.48,196.77,186.74,183.74
6/1/2012,165.50,161.07,187.32,183.33,196.73,192.52,221.21,216.37,200.21,195.57,181.02,178.10,185.56,181.65,200.91,195.53,201.19,197.33,188.65,184.45
7/1/2012,165.83,161.33,186.56,182.81,196.09,192.01,222.87,218.24,199.49,195.18,180.91,177.38,185.91,182.51,202.64,197.45,202.63,198.92,189.02,184.91
8/1/2012,165.85,161.88,185.63,182.44,195.92,192.37,222.07,218.67,200.24,196.37,184.53,182.26,186.44,183.48,201.32,197.02,201.64,199.24,189.34,186.01
9/1/2012,165.02,162.18,184.88,182.50,196.12,194.09,222.91,220.76,198.64,196.31,183.79,181.88,186.64,184.59,199.58,196.60,201.97,200.55,188.98,186.66
10/1/2012,164.46,162.99,185.92,184.38,193.62,191.59,223.53,222.32,197.16,195.85,186.25,185.16,186.98,185.58,200.86,198.54,202.00,201.39,189.19,187.69
11/1/2012,163.40,162.17,184.84,184.18,194.80,193.52,225.02,225.13,199.62,198.13,187.89,187.72,186.42,185.71,200.69,199.42,203.38,202.88,189.50,188.62
12/1/2012,161.72,162.90,185.64,185.88,194.27,194.24,224.72,226.32,199.32,199.62,188.73,190.14,186.75,186.85,199.32,199.62,201.68,202.37,189.03,189.62
1/1/2013,161.42,164.26,183.86,185.53,192.79,193.74,226.95,228.19,197.64,198.73,191.21,193.64,186.75,188.34,198.86,200.94,202.88,204.44,189.22,191.01
2/1/2013,162.41,165.11,185.39,187.11,193.74,195.40,228.88,230.22,197.51,200.26,192.64,194.50,188.68,190.32,199.20,201.12,204.48,205.44,190.53,192.29
3/1/2013,165.20,166.45,188.04,187.76,194.81,196.13,233.68,234.61,201.08,202.00,198.27,198.61,192.49,192.16,202.39,203.10,207.23,206.04,193.93,194.18
4/1/2013,168.70,167.63,190.61,188.72,197.39,196.79,238.86,237.61,200.95,200.98,202.82,201.58,194.00,192.13,204.05,202.55,209.32,207.24,196.67,195.19
5/1/2013,171.63,168.17,192.87,189.13,199.88,197.01,242.35,238.62,206.51,202.61,207.56,204.74,198.64,195.48,206.70,203.56,212.27,209.30,200.24,196.90
6/1/2013,173.99,169.12,195.10,190.81,202.12,197.47,245.94,240.42,207.66,202.54,210.74,207.29,200.21,195.89,211.22,205.61,213.91,209.92,202.64,198.01
7/1/2013,175.32,170.43,192.70,188.78,203.11,198.75,247.26,242.23,209.17,204.24,214.83,210.64,201.67,197.82,211.62,205.96,213.30,209.32,203.78,199.23
8/1/2013,174.90,170.69,192.12,188.75,201.60,197.80,247.51,243.79,209.28,204.97,214.83,212.25,201.42,198.27,211.10,206.54,212.66,210.18,203.36,199.76
9/1/2013,174.03,171.04,195.66,193.11,200.60,198.41,248.78,246.48,206.20,203.60,216.48,214.52,200.49,198.39,210.55,207.47,212.99,211.49,203.32,200.87
10/1/2013,172.53,171.09,192.70,191.21,201.14,199.22,250.55,249.49,205.46,204.36,216.30,215.35,200.84,199.27,209.23,207.06,212.56,212.03,202.84,201.36
11/1/2013,172.63,171.64,191.21,190.47,200.81,199.49,247.81,247.96,205.46,204.12,215.82,215.80,200.49,199.85,209.01,207.72,212.56,212.20,202.40,201.58
12/1/2013,171.30,172.64,191.10,191.21,197.76,197.68,247.76,249.51,202.99,203.62,215.33,216.93,201.19,201.33,207.48,207.89,214.77,215.34,201.91,202.54
1/1/2014,170.53,173.61,189.25,190.91,198.13,199.15,250.32,251.63,203.95,205.17,215.70,218.37,199.69,201.39,207.67,209.69,214.41,215.95,201.60,203.47
2/1/2014,170.68,173.44,191.78,193.50,196.57,198.32,253.34,254.51,201.47,204.31,218.71,220.69,201.56,203.11,208.38,210.50,215.76,216.67,202.70,204.47
3/1/2014,172.97,173.89,193.47,192.65,197.80,199.20,252.41,252.84,207.53,208.35,221.69,221.78,204.54,203.87,210.65,211.01,219.43,218.01,205.20,205.16
4/1/2014,176.61,175.24,195.83,193.58,200.89,200.28,255.61,253.95,205.98,205.74,224.47,222.77,206.11,203.93,214.07,212.30,220.16,218.05,207.57,205.81
5/1/2014,178.34,174.79,197.20,193.35,203.86,200.76,259.15,255.04,212.52,208.40,226.80,223.50,208.41,204.94,214.88,211.45,221.65,218.46,209.84,206.22
6/1/2014,180.62,175.45,198.92,194.58,206.26,201.46,262.60,256.88,214.00,208.60,229.23,225.51,210.54,205.98,218.05,212.33,223.17,219.16,212.11,207.25
7/1/2014,181.40,176.34,199.00,195.10,205.55,201.06,261.57,256.43,214.71,209.37,230.78,226.35,211.15,206.98,218.85,212.92,225.67,221.51,212.84,208.05
8/1/2014,181.62,177.40,199.53,196.14,206.23,202.27,263.97,260.09,214.15,209.74,231.20,228.46,209.70,206.52,218.11,213.43,225.14,222.55,212.76,209.05
9/1/2014,180.87,177.79,198.30,195.81,203.50,201.24,261.92,259.64,212.81,210.03,230.21,228.29,209.48,207.32,217.46,214.39,224.65,222.97,211.77,209.24
10/1/2014,180.36,178.96,198.17,196.88,203.86,201.99,262.64,261.82,210.70,209.65,231.32,230.61,210.61,208.88,217.31,215.32,224.84,224.23,212.02,210.57
11/1/2014,179.42,178.69,199.41,198.69,203.79,202.51,263.29,263.32,210.90,209.78,231.34,231.35,211.04,210.37,217.79,216.45,225.82,225.62,212.22,211.45
12/1/2014,179.04,180.47,197.21,197.24,204.35,204.29,264.93,266.67,209.17,210.10,232.10,233.76,211.65,211.79,216.15,216.77,226.98,227.47,212.29,212.93
1/1/2015,176.26,179.40,199.59,201.28,202.57,203.52,266.27,267.50,208.50,209.69,232.66,235.42,208.76,210.47,214.54,216.57,227.43,228.92,211.21,213.08
2/1/2015,178.58,181.31,197.80,199.41,201.23,202.89,269.68,270.39,210.62,213.44,234.67,236.39,213.70,215.16,214.67,216.86,229.13,230.10,213.15,214.82
3/1/2015,181.17,181.70,203.28,202.05,204.57,205.93,271.09,270.91,212.40,213.04,237.97,237.69,216.31,215.44,217.78,217.74,230.97,229.35,215.98,215.63
4/1/2015,183.59,181.97,205.58,203.07,204.69,204.14,273.70,271.55,214.32,213.59,241.65,239.54,218.19,215.67,221.74,219.60,233.01,230.90,218.28,216.24
5/1/2015,187.02,183.35,205.53,201.54,208.48,205.26,278.72,274.17,218.45,214.15,244.28,240.56,221.09,217.34,224.30,220.50,237.10,233.51,221.44,217.54
6/1/2015,189.70,184.34,207.08,202.86,210.53,205.67,280.56,274.75,222.18,216.47,246.01,242.09,223.31,218.68,226.50,220.71,238.06,234.03,223.53,218.55
7/1/2015,189.08,183.98,207.06,203.11,211.68,207.10,285.46,280.20,221.12,215.56,248.34,243.93,223.99,219.57,227.60,221.44,239.23,234.96,224.44,219.52
8/1/2015,187.64,183.48,207.55,203.96,211.10,207.09,283.73,279.74,219.94,215.51,247.51,244.67,223.06,219.80,228.11,223.30,239.07,236.32,223.70,219.90
9/1/2015,188.21,185.16,207.49,205.03,210.32,208.04,283.61,281.32,219.60,216.71,248.24,246.31,224.21,221.98,226.76,223.73,239.00,237.10,223.91,221.32
10/1/2015,187.66,186.18,207.19,206.12,210.21,208.32,283.39,282.64,218.03,216.89,249.32,248.94,224.81,223.02,225.84,224.06,239.24,238.57,223.89,222.46
11/1/2015,187.46,186.92,208.03,207.19,208.91,207.65,287.62,287.40,218.85,217.85,251.79,251.82,225.44,224.73,226.65,225.13,238.38,238.25,224.46,223.68
12/1/2015,186.61,188.15,208.15,208.18,209.41,209.30,284.20,285.69,218.23,219.33,251.57,253.27,224.80,224.96,226.97,227.71,239.18,239.66,224.09,224.74
1/1/2016,185.63,188.83,209.86,211.57,207.66,208.61,285.53,286.60,219.01,220.24,250.35,253.16,225.90,227.78,228.04,230.14,239.36,240.83,224.12,226.02
2/1/2016,186.32,188.88,207.69,209.04,209.17,210.70,289.78,290.18,216.03,218.58,254.17,255.63,226.18,227.50,228.32,230.67,239.95,240.95,225.00,226.52
3/1/2016,189.96,190.16,210.73,209.26,209.66,210.94,293.83,293.06,219.80,220.30,258.84,258.20,230.54,229.46,229.73,229.24,245.47,243.68,228.62,227.99
4/1/2016,192.35,190.51,213.98,211.44,211.79,211.21,297.08,294.49,223.59,222.25,261.84,259.32,232.86,229.89,233.59,231.05,246.24,244.10,231.17,228.84
5/1/2016,195.25,191.45,216.05,211.93,216.47,213.20,301.35,296.42,226.26,221.86,264.52,260.36,235.11,231.03,235.50,231.25,249.18,245.19,234.07,229.88
6/1/2016,198.17,192.68,216.41,212.30,218.39,213.54,303.37,297.72,228.19,222.30,265.13,261.07,238.37,233.67,237.57,231.59,251.01,246.85,236.19,231.12
7/1/2016,198.51,193.35,218.07,213.86,218.58,213.91,304.11,298.65,228.79,223.04,267.28,262.89,238.82,234.14,240.76,234.25,252.67,248.39,237.28,232.20
8/1/2016,199.37,195.20,218.75,214.87,218.77,214.69,304.76,300.70,229.36,224.92,266.84,263.91,238.76,235.22,239.11,234.20,252.27,249.41,237.34,233.40
9/1/2016,198.80,195.69,218.41,215.91,217.92,215.54,305.39,302.99,229.24,226.14,269.68,267.54,239.29,236.87,239.09,236.02,252.87,250.65,237.67,234.92
10/1/2016,198.36,196.78,217.20,216.34,217.92,215.95,307.67,306.94,229.39,227.96,268.62,268.50,240.66,238.77,238.72,237.09,252.64,251.87,237.72,236.25
11/1/2016,198.13,197.63,219.10,218.13,219.31,218.09,308.06,307.50,229.79,228.75,270.83,270.75,240.68,239.85,240.02,238.33,253.16,252.88,238.45,237.57
12/1/2016,197.49,199.09,220.43,220.28,217.73,217.60,308.85,310.04,228.53,229.61,270.66,272.41,241.41,241.48,238.68,239.56,253.01,253.53,238.24,238.85
1/1/2017,195.66,198.88,216.97,218.49,217.17,218.04,309.08,310.04,229.12,230.27,270.69,273.47,239.24,241.14,236.51,238.70,253.57,255.06,237.07,238.94
2/1/2017,198.10,200.54,220.82,221.89,218.22,219.61,313.83,314.07,229.34,231.74,274.56,275.76,241.82,243.07,238.31,240.74,256.68,257.77,239.74,241.14
3/1/2017,202.26,202.21,224.90,223.29,218.74,219.85,317.95,316.63,233.94,234.47,279.51,278.56,245.45,244.21,243.26,242.35,258.05,256.03,243.26,242.37
4/1/2017,204.62,202.60,225.24,222.73,222.74,222.08,321.16,318.13,236.47,234.61,283.10,280.19,250.16,246.70,245.78,242.96,262.60,260.39,246.62,244.01
5/1/2017,207.18,203.15,227.84,223.44,225.32,221.96,325.69,320.40,238.64,234.13,287.47,282.82,251.56,247.09,249.37,244.70,266.44,262.00,249.52,244.99
6/1/2017,208.91,203.25,229.16,225.02,227.68,222.79,328.18,322.49,242.23,236.08,288.96,284.71,252.88,248.16,251.93,245.68,266.05,261.67,251.15,245.92
7/1/2017,210.40,205.11,231.63,227.01,229.16,224.34,330.60,324.66,243.27,237.32,289.37,285.01,254.64,249.70,252.48,245.62,267.71,263.33,252.62,247.33
8/1/2017,210.33,206.06,232.32,228.05,230.05,225.84,330.96,326.82,242.44,237.93,292.16,289.03,256.42,252.54,252.49,247.46,267.89,264.84,253.46,249.29
9/1/2017,210.34,207.08,230.03,227.46,229.63,227.07,332.29,329.61,241.98,238.75,293.32,290.91,255.16,252.49,252.01,248.86,269.31,266.72,253.32,250.34
10/1/2017,210.17,208.37,232.98,232.23,230.36,228.31,333.90,333.07,242.59,241.04,292.26,292.31,256.27,254.31,251.72,250.08,268.40,267.52,253.68,252.13
11/1/2017,210.03,209.53,230.44,229.37,229.79,228.52,337.94,337.00,242.60,241.55,295.27,295.07,257.02,256.11,253.26,251.31,270.58,270.03,254.53,253.50
12/1/2017,209.75,211.49,231.72,231.47,229.46,229.21,337.90,338.83,242.30,243.34,294.43,296.29,257.40,257.42,250.55,251.51,269.88,270.46,254.19,254.79
1/1/2018,210.09,213.42,232.15,233.74,229.71,230.59,340.35,341.20,242.43,243.69,296.69,299.59,258.15,260.13,252.74,255.10,268.07,269.60,254.85,256.77
2/1/2018,211.75,214.15,233.83,234.67,230.66,231.98,344.48,344.69,244.33,246.67,302.04,303.14,261.23,262.39,253.58,256.20,274.61,275.80,257.83,259.18
3/1/2018,214.80,214.62,236.92,235.30,235.27,236.28,348.53,346.71,244.67,245.17,304.34,303.20,264.64,263.14,258.62,257.25,275.36,273.09,260.89,259.78
4/1/2018,218.40,216.21,237.60,235.20,235.12,234.33,352.01,348.41,249.18,246.99,307.14,303.88,268.38,264.40,260.91,257.83,275.88,273.54,263.37,260.48
5/1/2018,220.23,215.94,242.98,238.30,237.81,234.33,356.14,350.34,253.12,248.44,309.12,304.02,270.49,265.56,264.46,259.34,280.76,276.00,266.39,261.50
6/1/2018,223.44,217.57,244.39,240.07,241.14,236.17,360.95,355.02,254.52,248.23,310.76,306.40,270.69,265.87,267.50,260.79,280.95,276.26,268.37,262.92
7/1/2018,224.11,218.59,245.01,240.09,241.65,236.63,360.33,353.71,254.77,248.57,311.66,307.29,273.25,267.97,269.27,261.93,281.56,277.10,269.40,263.83
8/1/2018,224.13,219.67,246.13,241.60,241.05,236.71,361.21,356.81,254.84,250.19,312.85,309.58,274.46,270.14,267.96,262.66,281.47,278.29,269.75,265.32
9/1/2018,224.57,221.13,244.89,242.13,240.44,237.73,364.28,361.32,254.76,251.41,310.79,308.14,273.97,271.01,266.19,262.86,282.23,279.38,269.45,266.23
10/1/2018,224.47,222.52,245.50,244.75,239.66,237.54,363.23,362.28,255.54,253.85,312.21,312.39,272.84,270.72,268.15,266.42,281.17,280.20,269.34,267.69
11/1/2018,222.45,221.97,247.60,246.49,241.67,240.31,364.61,363.40,255.12,254.09,311.96,311.62,273.85,272.86,267.91,265.77,283.48,282.74,269.82,268.69
12/1/2018,221.47,223.36,246.75,246.39,242.32,242.07,363.56,364.40,255.17,256.27,311.06,312.98,275.08,275.03,266.30,267.39,282.07,282.73,269.42,270.04
1/1/2019,221.87,225.34,245.72,247.41,242.80,243.70,368.55,369.39,254.65,255.96,311.35,314.33,274.07,276.04,265.43,267.89,283.28,284.84,269.65,271.62
2/1/2019,224.51,226.96,250.07,250.77,241.70,242.99,368.46,368.64,256.74,259.14,314.19,315.15,276.93,278.12,266.17,268.93,283.65,284.88,271.48,272.81
3/1/2019,226.70,226.44,251.52,249.80,242.87,243.73,373.69,371.67,256.31,256.78,317.28,315.97,280.35,278.73,274.02,272.33,288.92,286.46,274.73,273.46
4/1/2019,229.86,227.53,254.29,251.85,245.24,244.27,380.18,376.16,260.58,258.15,321.22,317.71,283.80,279.36,274.63,271.37,289.93,287.45,277.74,274.60
5/1/2019,233.06,228.54,255.44,250.50,249.06,245.47,381.54,375.35,263.87,258.99,324.69,319.22,286.10,280.81,277.65,272.23,291.85,286.89,280.47,275.29
6/1/2019,234.74,228.67,257.43,252.93,249.91,244.81,381.99,375.78,264.24,257.75,324.43,319.83,286.04,281.04,279.30,272.25,294.57,289.67,281.52,275.85
7/1/2019,235.42,229.65,258.85,253.58,250.31,245.13,387.56,380.44,266.19,259.70,325.95,321.44,287.31,281.72,280.42,272.75,294.82,290.19,282.76,276.91
,,,,,,,,,,,,,,,,,,,,
,,,,,,,,,,,,,,,,,,,,
,,,,,,,,,,,,,,,,,,,,
,,,,,,,,,,,,,,,,,,,,
,,,,,,,,,,,,,,,,,,,,
,,,,,,,,,,,,,,,,,,,,
,,,,,,,,,,,,,,,,,,,,
,,,,,,,,,,,,,,,,,,,,
,,,,,,,,,,,,,,,,,,,,
,,,,,,,,,,,,,,,,,,,,
,,,,,,,,,,,,,,,,,,,,
,,,,,,,,,,,,,,,,,,,,
,,,,,,,,,,,,,,,,,,,,
,,,,,,,,,,,,,,,,,,,,
,,,,,,,,,,,,,,,,,,,,
,,,,,,,,,,,,,,,,,,,,
,,,,,,,,,,,,,,,,,,,,
,,,,,,,,,,,,,,,,,,,,
,,,,,,,,,,,,,,,,,,,,
,,,,,,,,,,,,,,,,,,,,
,,,,,,,,,,,,,,,,,,,,
,,,,,,,,,,,,,,,,,,,,
,,,,,,,,,,,,,,,,,,,,
,,,,,,,,,,,,,,,,,,,,
,,,,,,,,,,,,,,,,,,,,
,,,,,,,,,,,,,,,,,,,,
,,,,,,,,,,,,,,,,,,,,
,,,,,,,,,,,,,,,,,,,,
,,,,,,,,,,,,,,,,,,,,
,,,,,,,,,,,,,,,,,,,,
,,,,,,,,,,,,,,,,,,,,
,,,,,,,,,,,,,,,,,,,,
,,,,,,,,,,,,,,,,,,,,
,,,,,,,,,,,,,,,,,,,,
,,,,,,,,,,,,,,,,,,,,
,,,,,,,,,,,,,,,,,,,,
,,,,,,,,,,,,,,,,,,,,
,,,,,,,,,,,,,,,,,,,,
,,,,,,,,,,,,,,,,,,,,
,,,,,,,,,,,,,,,,,,,,
,,,,,,,,,,,,,,,,,,,,
,,,,,,,,,,,,,,,,,,,,
,,,,,,,,,,,,,,,,,,,,
,,,,,,,,,,,,,,,,,,,,
,,,,,,,,,,,,,,,,,,,,
,,,,,,,,,,,,,,,,,,,,
,,,,,,,,,,,,,,,,,,,,
,,,,,,,,,,,,,,,,,,,,
,,,,,,,,,,,,,,,,,,,,
,,,,,,,,,,,,,,,,,,,,
,,,,,,,,,,,,,,,,,,,,
,,,,,,,,,,,,,,,,,,,,
,,,,,,,,,,,,,,,,,,,,
,,,,,,,,,,,,,,,,,,,,
,,,,,,,,,,,,,,,,,,,,
,,,,,,,,,,,,,,,,,,,,
,,,,,,,,,,,,,,,,,,,,
,,,,,,,,,,,,,,,,,,,,
,,,,,,,,,,,,,,,,,,,,
,,,,,,,,,,,,,,,,,,,,
,,,,,,,,,,,,,,,,,,,,
,,,,,,,,,,,,,,,,,,,,
,,,,,,,,,,,,,,,,,,,,
,,,,,,,,,,,,,,,,,,,,
,,,,,,,,,,,,,,,,,,,,
,,,,,,,,,,,,,,,,,,,,
,,,,,,,,,,,,,,,,,,,,
,,,,,,,,,,,,,,,,,,,,
,,,,,,,,,,,,,,,,,,,,
,,,,,,,,,,,,,,,,,,,,
,,,,,,,,,,,,,,,,,,,,
,,,,,,,,,,,,,,,,,,,,
,,,,,,,,,,,,,,,,,,,,
,,,,,,,,,,,,,,,,,,,,
,,,,,,,,,,,,,,,,,,,,
,,,,,,,,,,,,,,,,,,,,
,,,,,,,,,,,,,,,,,,,,
,,,,,,,,,,,,,,,,,,,,
,,,,,,,,,,,,,,,,,,,,
,,,,,,,,,,,,,,,,,,,,
,,,,,,,,,,,,,,,,,,,,
,,,,,,,,,,,,,,,,,,,,
,,,,,,,,,,,,,,,,,,,,
,,,,,,,,,,,,,,,,,,,,
,,,,,,,,,,,,,,,,,,,,
,,,,,,,,,,,,,,,,,,,,
,,,,,,,,,,,,,,,,,,,,
,,,,,,,,,,,,,,,,,,,,
,,,,,,,,,,,,,,,,,,,,
,,,,,,,,,,,,,,,,,,,,
,,,,,,,,,,,,,,,,,,,,
,,,,,,,,,,,,,,,,,,,,
,,,,,,,,,,,,,,,,,,,,
,,,,,,,,,,,,,,,,,,,,
,,,,,,,,,,,,,,,,,,,,
,,,,,,,,,,,,,,,,,,,,
,,,,,,,,,,,,,,,,,,,,
,,,,,,,,,,,,,,,,,,,,
,,,,,,,,,,,,,,,,,,,,
,,,,,,,,,,,,,,,,,,,,
,,,,,,,,,,,,,,,,,,,,
,,,,,,,,,,,,,,,,,,,,
,,,,,,,,,,,,,,,,,,,,
,,,,,,,,,,,,,,,,,,,,
,,,,,,,,,,,,,,,,,,,,
,,,,,,,,,,,,,,,,,,,,
,,,,,,,,,,,,,,,,,,,,
,,,,,,,,,,,,,,,,,,,,
,,,,,,,,,,,,,,,,,,,,
,,,,,,,,,,,,,,,,,,,,
,,,,,,,,,,,,,,,,,,,,
,,,,,,,,,,,,,,,,,,,,
,,,,,,,,,,,,,,,,,,,,
,,,,,,,,,,,,,,,,,,,,
,,,,,,,,,,,,,,,,,,,,
,,,,,,,,,,,,,,,,,,,,
,,,,,,,,,,,,,,,,,,,,
,,,,,,,,,,,,,,,,,,,,
,,,,,,,,,,,,,,,,,,,,
,,,,,,,,,,,,,,,,,,,,
,,,,,,,,,,,,,,,,,,,,
,,,,,,,,,,,,,,,,,,,,
,,,,,,,,,,,,,,,,,,,,
,,,,,,,,,,,,,,,,,,,,
,,,,,,,,,,,,,,,,,,,,
,,,,,,,,,,,,,,,,,,,,
,,,,,,,,,,,,,,,,,,,,
,,,,,,,,,,,,,,,,,,,,
,,,,,,,,,,,,,,,,,,,,
,,,,,,,,,,,,,,,,,,,,
,,,,,,,,,,,,,,,,,,,,
,,,,,,,,,,,,,,,,,,,,
,,,,,,,,,,,,,,,,,,,,
,,,,,,,,,,,,,,,,,,,,
,,,,,,,,,,,,,,,,,,,,
,,,,,,,,,,,,,,,,,,,,
,,,,,,,,,,,,,,,,,,,,
,,,,,,,,,,,,,,,,,,,,
,,,,,,,,,,,,,,,,,,,,
,,,,,,,,,,,,,,,,,,,,
,,,,,,,,,,,,,,,,,,,,
,,,,,,,,,,,,,,,,,,,,
,,,,,,,,,,,,,,,,,,,,
,,,,,,,,,,,,,,,,,,,,
,,,,,,,,,,,,,,,,,,,,
,,,,,,,,,,,,,,,,,,,,
,,,,,,,,,,,,,,,,,,,,
,,,,,,,,,,,,,,,,,,,,
,,,,,,,,,,,,,,,,,,,,
,,,,,,,,,,,,,,,,,,,,
,,,,,,,,,,,,,,,,,,,,
,,,,,,,,,,,,,,,,,,,,
,,,,,,,,,,,,,,,,,,,,
,,,,,,,,,,,,,,,,,,,,
,,,,,,,,,,,,,,,,,,,,
,,,,,,,,,,,,,,,,,,,,
,,,,,,,,,,,,,,,,,,,,
,,,,,,,,,,,,,,,,,,,,
,,,,,,,,,,,,,,,,,,,,
,,,,,,,,,,,,,,,,,,,,
,,,,,,,,,,,,,,,,,,,,
,,,,,,,,,,,,,,,,,,,,
,,,,,,,,,,,,,,,,,,,,
,,,,,,,,,,,,,,,,,,,,
,,,,,,,,,,,,,,,,,,,,
,,,,,,,,,,,,,,,,,,,,
,,,,,,,,,,,,,,,,,,,,
,,,,,,,,,,,,,,,,,,,,
,,,,,,,,,,,,,,,,,,,,
,,,,,,,,,,,,,,,,,,,,
,,,,,,,,,,,,,,,,,,,,
,,,,,,,,,,,,,,,,,,,,
,,,,,,,,,,,,,,,,,,,,
,,,,,,,,,,,,,,,,,,,,
,,,,,,,,,,,,,,,,,,,,
,,,,,,,,,,,,,,,,,,,,
,,,,,,,,,,,,,,,,,,,,
,,,,,,,,,,,,,,,,,,,,
,,,,,,,,,,,,,,,,,,,,
,,,,,,,,,,,,,,,,,,,,
,,,,,,,,,,,,,,,,,,,,
,,,,,,,,,,,,,,,,,,,,
,,,,,,,,,,,,,,,,,,,,
,,,,,,,,,,,,,,,,,,,,
,,,,,,,,,,,,,,,,,,,,
,,,,,,,,,,,,,,,,,,,,
,,,,,,,,,,,,,,,,,,,,
,,,,,,,,,,,,,,,,,,,,
,,,,,,,,,,,,,,,,,,,,
,,,,,,,,,,,,,,,,,,,,
,,,,,,,,,,,,,,,,,,,,
,,,,,,,,,,,,,,,,,,,,
,,,,,,,,,,,,,,,,,,,,
,,,,,,,,,,,,,,,,,,,,
,,,,,,,,,,,,,,,,,,,,
,,,,,,,,,,,,,,,,,,,,
,,,,,,,,,,,,,,,,,,,,
,,,,,,,,,,,,,,,,,,,,
,,,,,,,,,,,,,,,,,,,,
,,,,,,,,,,,,,,,,,,,,
,,,,,,,,,,,,,,,,,,,,
,,,,,,,,,,,,,,,,,,,,
,,,,,,,,,,,,,,,,,,,,
,,,,,,,,,,,,,,,,,,,,
,,,,,,,,,,,,,,,,,,,,
,,,,,,,,,,,,,,,,,,,,
,,,,,,,,,,,,,,,,,,,,
,,,,,,,,,,,,,,,,,,,,
,,,,,,,,,,,,,,,,,,,,
,,,,,,,,,,,,,,,,,,,,
,,,,,,,,,,,,,,,,,,,,
,,,,,,,,,,,,,,,,,,,,
,,,,,,,,,,,,,,,,,,,,
,,,,,,,,,,,,,,,,,,,,
,,,,,,,,,,,,,,,,,,,,
,,,,,,,,,,,,,,,,,,,,
,,,,,,,,,,,,,,,,,,,,
,,,,,,,,,,,,,,,,,,,,
,,,,,,,,,,,,,,,,,,,,
,,,,,,,,,,,,,,,,,,,,
,,,,,,,,,,,,,,,,,,,,
,,,,,,,,,,,,,,,,,,,,
,,,,,,,,,,,,,,,,,,,,
,,,,,,,,,,,,,,,,,,,,
,,,,,,,,,,,,,,,,,,,,
,,,,,,,,,,,,,,,,,,,,
,,,,,,,,,,,,,,,,,,,,
,,,,,,,,,,,,,,,,,,,,
,,,,,,,,,,,,,,,,,,,,
,,,,,,,,,,,,,,,,,,,,
,,,,,,,,,,,,,,,,,,,,
,,,,,,,,,,,,,,,,,,,,
,,,,,,,,,,,,,,,,,,,,
,,,,,,,,,,,,,,,,,,,,
,,,,,,,,,,,,,,,,,,,,
,,,,,,,,,,,,,,,,,,,,
,,,,,,,,,,,,,,,,,,,,
,,,,,,,,,,,,,,,,,,,,
,,,,,,,,,,,,,,,,,,,,
,,,,,,,,,,,,,,,,,,,,
,,,,,,,,,,,,,,,,,,,,
,,,,,,,,,,,,,,,,,,,,
,,,,,,,,,,,,,,,,,,,,
,,,,,,,,,,,,,,,,,,,,
,,,,,,,,,,,,,,,,,,,,
,,,,,,,,,,,,,,,,,,,,
,,,,,,,,,,,,,,,,,,,,
,,,,,,,,,,,,,,,,,,,,
,,,,,,,,,,,,,,,,,,,,
,,,,,,,,,,,,,,,,,,,,
,,,,,,,,,,,,,,,,,,,,
,,,,,,,,,,,,,,,,,,,,
,,,,,,,,,,,,,,,,,,,,
,,,,,,,,,,,,,,,,,,,,
,,,,,,,,,,,,,,,,,,,,
,,,,,,,,,,,,,,,,,,,,
,,,,,,,,,,,,,,,,,,,,
,,,,,,,,,,,,,,,,,,,,
,,,,,,,,,,,,,,,,,,,,
,,,,,,,,,,,,,,,,,,,,
,,,,,,,,,,,,,,,,,,,,
,,,,,,,,,,,,,,,,,,,,
,,,,,,,,,,,,,,,,,,,,
,,,,,,,,,,,,,,,,,,,,
,,,,,,,,,,,,,,,,,,,,
,,,,,,,,,,,,,,,,,,,,
,,,,,,,,,,,,,,,,,,,,
,,,,,,,,,,,,,,,,,,,,
,,,,,,,,,,,,,,,,,,,,
,,,,,,,,,,,,,,,,,,,,
,,,,,,,,,,,,,,,,,,,,
,,,,,,,,,,,,,,,,,,,,
,,,,,,,,,,,,,,,,,,,,
,,,,,,,,,,,,,,,,,,,,
,,,,,,,,,,,,,,,,,,,,
,,,,,,,,,,,,,,,,,,,,
,,,,,,,,,,,,,,,,,,,,
,,,,,,,,,,,,,,,,,,,,
,,,,,,,,,,,,,,,,,,,,
,,,,,,,,,,,,,,,,,,,,
,,,,,,,,,,,,,,,,,,,,
,,,,,,,,,,,,,,,,,,,,
,,,,,,,,,,,,,,,,,,,,
,,,,,,,,,,,,,,,,,,,,
,,,,,,,,,,,,,,,,,,,,
,,,,,,,,,,,,,,,,,,,,
,,,,,,,,,,,,,,,,,,,,
,,,,,,,,,,,,,,,,,,,,
,,,,,,,,,,,,,,,,,,,,
,,,,,,,,,,,,,,,,,,,,
,,,,,,,,,,,,,,,,,,,,
,,,,,,,,,,,,,,,,,,,,
,,,,,,,,,,,,,,,,,,,,
,,,,,,,,,,,,,,,,,,,,
,,,,,,,,,,,,,,,,,,,,
,,,,,,,,,,,,,,,,,,,,
,,,,,,,,,,,,,,,,,,,,
,,,,,,,,,,,,,,,,,,,,
,,,,,,,,,,,,,,,,,,,,
,,,,,,,,,,,,,,,,,,,,
,,,,,,,,,,,,,,,,,,,,
,,,,,,,,,,,,,,,,,,,,
,,,,,,,,,,,,,,,,,,,,
,,,,,,,,,,,,,,,,,,,,
,,,,,,,,,,,,,,,,,,,,
,,,,,,,,,,,,,,,,,,,,
,,,,,,,,,,,,,,,,,,,,
,,,,,,,,,,,,,,,,,,,,
,,,,,,,,,,,,,,,,,,,,
,,,,,,,,,,,,,,,,,,,,
,,,,,,,,,,,,,,,,,,,,
,,,,,,,,,,,,,,,,,,,,
,,,,,,,,,,,,,,,,,,,,
,,,,,,,,,,,,,,,,,,,,
,,,,,,,,,,,,,,,,,,,,
,,,,,,,,,,,,,,,,,,,,
,,,,,,,,,,,,,,,,,,,,
,,,,,,,,,,,,,,,,,,,,
,,,,,,,,,,,,,,,,,,,,
,,,,,,,,,,,,,,,,,,,,
,,,,,,,,,,,,,,,,,,,,
,,,,,,,,,,,,,,,,,,,,
,,,,,,,,,,,,,,,,,,,,
,,,,,,,,,,,,,,,,,,,,
,,,,,,,,,,,,,,,,,,,,
,,,,,,,,,,,,,,,,,,,,
,,,,,,,,,,,,,,,,,,,,
,,,,,,,,,,,,,,,,,,,,
,,,,,,,,,,,,,,,,,,,,
,,,,,,,,,,,,,,,,,,,,
,,,,,,,,,,,,,,,,,,,,
,,,,,,,,,,,,,,,,,,,,
,,,,,,,,,,,,,,,,,,,,
,,,,,,,,,,,,,,,,,,,,
,,,,,,,,,,,,,,,,,,,,
,,,,,,,,,,,,,,,,,,,,
,,,,,,,,,,,,,,,,,,,,
,,,,,,,,,,,,,,,,,,,,
,,,,,,,,,,,,,,,,,,,,
,,,,,,,,,,,,,,,,,,,,
,,,,,,,,,,,,,,,,,,,,
,,,,,,,,,,,,,,,,,,,,
